Data/Hora;Tensão;Corrente;Potência;Equipamento
26/10/2021 20:34;0.0;0.0;0.0;Geladeira
26/10/2021 20:34;0.0;0.0;0.0;Motor
26/10/2021 20:34;0.0;0.0;0.0;Iluminação
04/11/2021 20:44;127.2;2.07;147.0;Geladeira
04/11/2021 20:44;129.0;0.35;44.6;Iluminacao
04/11/2021 20:44;129.0;0.11;10.4;Motor
04/11/2021 20:46;127.2;2.07;147.0;Geladeira
04/11/2021 20:46;128.6;0.35;44.4;Iluminacao
04/11/2021 20:46;128.8;0.07;3.4;Motor
04/11/2021 20:46;127.2;2.07;147.0;Geladeira
04/11/2021 20:46;128.6;0.35;44.4;Iluminacao
04/11/2021 20:46;128.5;0.34;43.0;Motor
04/11/2021 20:46;127.2;2.07;147.0;Geladeira
04/11/2021 20:46;128.6;0.35;44.4;Iluminacao
04/11/2021 20:46;128.5;0.34;43.0;Motor
04/11/2021 20:48;127.2;2.07;147.0;Geladeira
04/11/2021 20:48;0.0;0.0;0.0;Iluminacao
04/11/2021 20:48;0.0;0.0;0.0;Motor
04/11/2021 20:49;127.2;2.07;147.0;Geladeira
04/11/2021 20:49;0.0;0.0;0.0;Iluminacao
04/11/2021 20:49;0.0;0.0;0.0;Motor
04/11/2021 20:49;127.2;2.07;147.0;Geladeira
04/11/2021 20:49;0.0;0.0;0.0;Iluminacao
04/11/2021 20:49;0.0;0.0;0.0;Motor
04/11/2021 20:49;127.2;2.07;147.0;Geladeira
04/11/2021 20:49;129.2;0.35;44.8;Iluminacao
04/11/2021 20:49;0.0;0.0;0.0;Motor
04/11/2021 20:49;127.2;2.07;147.0;Geladeira
04/11/2021 20:49;129.2;0.35;44.7;Iluminacao
04/11/2021 20:49;0.0;0.0;0.0;Motor
04/11/2021 20:49;127.2;2.07;147.0;Geladeira
04/11/2021 20:49;129.1;0.35;44.7;Iluminacao
04/11/2021 20:49;0.0;0.0;0.0;Motor
04/11/2021 20:49;127.2;2.07;147.0;Geladeira
04/11/2021 20:49;129.0;0.35;44.6;Iluminacao
04/11/2021 20:49;128.9;0.34;43.3;Motor
04/11/2021 20:49;127.2;2.07;147.0;Geladeira
04/11/2021 20:49;129.0;0.35;44.6;Iluminacao
04/11/2021 20:49;128.9;0.34;43.3;Motor
04/11/2021 20:49;127.2;2.07;147.0;Geladeira
04/11/2021 20:49;129.0;0.35;44.6;Iluminacao
04/11/2021 20:49;128.9;0.34;43.3;Motor
04/11/2021 20:49;127.2;2.07;147.0;Geladeira
04/11/2021 20:49;129.0;0.35;44.6;Iluminacao
04/11/2021 20:49;128.9;0.34;43.3;Motor
04/11/2021 20:49;127.2;2.07;147.0;Geladeira
04/11/2021 20:49;129.0;0.35;44.6;Iluminacao
04/11/2021 20:49;128.9;0.34;43.3;Motor
04/11/2021 20:49;127.2;2.07;147.0;Geladeira
04/11/2021 20:49;129.1;0.35;44.7;Iluminacao
04/11/2021 20:49;0.0;0.0;0.0;Motor
04/11/2021 20:49;127.2;2.07;147.0;Geladeira
04/11/2021 20:49;128.9;0.35;44.6;Iluminacao
04/11/2021 20:49;128.9;0.34;43.3;Motor
04/11/2021 20:49;127.2;2.07;147.0;Geladeira
04/11/2021 20:49;129.0;0.35;44.6;Iluminacao
04/11/2021 20:49;128.9;0.34;43.3;Motor
04/11/2021 20:49;127.2;2.07;147.0;Geladeira
04/11/2021 20:49;128.9;0.35;44.6;Iluminacao
04/11/2021 20:49;128.9;0.34;43.3;Motor
04/11/2021 20:50;127.2;2.07;147.0;Geladeira
04/11/2021 20:50;0.0;0.0;0.0;Iluminacao
04/11/2021 20:50;129.2;0.34;43.4;Motor
04/11/2021 20:50;127.2;2.07;147.0;Geladeira
04/11/2021 20:50;0.0;0.0;0.0;Iluminacao
04/11/2021 20:50;0.0;0.0;0.0;Motor
04/11/2021 20:50;127.2;2.07;147.0;Geladeira
04/11/2021 20:50;0.0;0.0;0.0;Iluminacao
04/11/2021 20:50;0.0;0.0;0.0;Motor
04/11/2021 20:50;127.2;2.07;147.0;Geladeira
04/11/2021 20:50;0.0;0.0;0.0;Iluminacao
04/11/2021 20:50;0.0;0.0;0.0;Motor
04/11/2021 20:50;127.2;2.07;147.0;Geladeira
04/11/2021 20:50;0.0;0.0;0.0;Iluminacao
04/11/2021 20:50;0.0;0.0;0.0;Motor
04/11/2021 20:50;127.2;2.07;147.0;Geladeira
04/11/2021 20:50;129.1;0.35;44.7;Iluminacao
04/11/2021 20:50;0.0;0.0;0.0;Motor
04/11/2021 20:50;127.2;2.07;147.0;Geladeira
04/11/2021 20:50;129.0;0.35;44.6;Iluminacao
04/11/2021 20:50;0.0;0.0;0.0;Motor
04/11/2021 20:50;127.2;2.07;147.0;Geladeira
04/11/2021 20:50;129.3;0.35;44.7;Iluminacao
04/11/2021 20:50;0.0;0.0;0.0;Motor
04/11/2021 20:50;127.2;2.07;147.0;Geladeira
04/11/2021 20:50;129.2;0.35;44.7;Iluminacao
04/11/2021 20:50;0.0;0.0;0.0;Motor
04/11/2021 20:50;127.2;2.07;147.0;Geladeira
04/11/2021 20:50;129.0;0.35;44.6;Iluminacao
04/11/2021 20:50;129.0;0.34;43.3;Motor
04/11/2021 20:50;127.2;2.07;147.0;Geladeira
04/11/2021 20:50;129.1;0.35;44.7;Iluminacao
04/11/2021 20:50;0.0;0.0;0.0;Motor
04/11/2021 20:50;127.2;2.07;147.0;Geladeira
04/11/2021 20:50;129.1;0.35;44.7;Iluminacao
04/11/2021 20:50;0.0;0.0;0.0;Motor
04/11/2021 20:51;127.2;2.07;147.0;Geladeira
04/11/2021 20:51;129.3;0.35;44.8;Iluminacao
04/11/2021 20:51;0.0;0.0;0.0;Motor
04/11/2021 20:51;127.2;2.07;147.0;Geladeira
04/11/2021 20:51;129.2;0.35;44.7;Iluminacao
04/11/2021 20:51;0.0;0.0;0.0;Motor
04/11/2021 20:51;127.2;2.07;147.0;Geladeira
04/11/2021 20:51;129.2;0.35;44.7;Iluminacao
04/11/2021 20:51;0.0;0.0;0.0;Motor
04/11/2021 20:51;127.2;2.07;147.0;Geladeira
04/11/2021 20:51;129.2;0.35;44.8;Iluminacao
04/11/2021 20:51;0.0;0.0;0.0;Motor
04/11/2021 20:51;127.2;2.07;147.0;Geladeira
04/11/2021 20:51;129.2;0.35;44.7;Iluminacao
04/11/2021 20:51;0.0;0.0;0.0;Motor
04/11/2021 20:51;127.2;2.07;147.0;Geladeira
04/11/2021 20:51;0.0;0.0;0.0;Iluminacao
04/11/2021 20:51;0.0;0.0;0.0;Motor
04/11/2021 20:51;127.2;2.07;147.0;Geladeira
04/11/2021 20:51;0.0;0.0;0.0;Iluminacao
04/11/2021 20:51;0.0;0.0;0.0;Motor
04/11/2021 20:51;127.2;2.07;147.0;Geladeira
04/11/2021 20:51;0.0;0.0;0.0;Iluminacao
04/11/2021 20:51;129.0;0.34;43.4;Motor
04/11/2021 20:51;127.2;2.07;147.0;Geladeira
04/11/2021 20:51;0.0;0.0;0.0;Iluminacao
04/11/2021 20:51;129.0;0.34;43.4;Motor
04/11/2021 20:51;127.2;2.07;147.0;Geladeira
04/11/2021 20:51;0.0;0.0;0.0;Iluminacao
04/11/2021 20:51;129.0;0.34;43.4;Motor
04/11/2021 20:51;127.2;2.07;147.0;Geladeira
04/11/2021 20:51;0.0;0.0;0.0;Iluminacao
04/11/2021 20:51;129.0;0.34;43.4;Motor
04/11/2021 20:51;127.2;2.07;147.0;Geladeira
04/11/2021 20:51;0.0;0.0;0.0;Iluminacao
04/11/2021 20:51;128.9;0.34;43.3;Motor
04/11/2021 20:52;127.2;2.07;147.0;Geladeira
04/11/2021 20:52;0.0;0.0;0.0;Iluminacao
04/11/2021 20:52;128.9;0.34;43.3;Motor
04/11/2021 20:52;127.2;2.07;147.0;Geladeira
04/11/2021 20:52;0.0;0.0;0.0;Iluminacao
04/11/2021 20:52;128.8;0.34;43.2;Motor
04/11/2021 20:52;127.2;2.07;147.0;Geladeira
04/11/2021 20:52;0.0;0.0;0.0;Iluminacao
04/11/2021 20:52;128.8;0.34;43.3;Motor
04/11/2021 20:52;127.2;2.07;147.0;Geladeira
04/11/2021 20:52;0.0;0.0;0.0;Iluminacao
04/11/2021 20:52;128.9;0.34;43.3;Motor
04/11/2021 20:52;127.2;2.07;147.0;Geladeira
04/11/2021 20:52;0.0;0.0;0.0;Iluminacao
04/11/2021 20:52;128.8;0.34;43.2;Motor
04/11/2021 20:52;127.2;2.07;147.0;Geladeira
04/11/2021 20:52;0.0;0.0;0.0;Iluminacao
04/11/2021 20:52;128.8;0.34;43.3;Motor
04/11/2021 20:52;127.2;2.07;147.0;Geladeira
04/11/2021 20:52;0.0;0.0;0.0;Iluminacao
04/11/2021 20:52;128.8;0.34;43.3;Motor
04/11/2021 20:52;127.2;2.07;147.0;Geladeira
04/11/2021 20:52;0.0;0.0;0.0;Iluminacao
04/11/2021 20:52;128.8;0.34;43.3;Motor
04/11/2021 20:52;127.2;2.07;147.0;Geladeira
04/11/2021 20:52;0.0;0.0;0.0;Iluminacao
04/11/2021 20:52;128.8;0.34;43.3;Motor
04/11/2021 20:52;127.2;2.07;147.0;Geladeira
04/11/2021 20:52;0.0;0.0;0.0;Iluminacao
04/11/2021 20:52;0.0;0.0;0.0;Motor
04/11/2021 20:52;127.2;2.07;147.0;Geladeira
04/11/2021 20:52;0.0;0.0;0.0;Iluminacao
04/11/2021 20:52;0.0;0.0;0.0;Motor
04/11/2021 20:53;127.2;2.07;147.0;Geladeira
04/11/2021 20:53;0.0;0.0;0.0;Iluminacao
04/11/2021 20:53;0.0;0.0;0.0;Motor
04/11/2021 20:53;127.2;2.07;147.0;Geladeira
04/11/2021 20:53;0.0;0.0;0.0;Iluminacao
04/11/2021 20:53;0.0;0.0;0.0;Motor
04/11/2021 20:53;127.2;2.07;147.0;Geladeira
04/11/2021 20:53;0.0;0.0;0.0;Iluminacao
04/11/2021 20:53;0.0;0.0;0.0;Motor
04/11/2021 20:53;127.2;2.07;147.0;Geladeira
04/11/2021 20:53;129.1;0.31;39.5;Iluminacao
04/11/2021 20:53;0.0;0.0;0.0;Motor
04/11/2021 20:53;127.2;2.07;147.0;Geladeira
04/11/2021 20:53;129.2;0.31;39.5;Iluminacao
04/11/2021 20:53;0.0;0.0;0.0;Motor
04/11/2021 20:53;127.2;2.07;147.0;Geladeira
04/11/2021 20:53;129.4;0.31;39.6;Iluminacao
04/11/2021 20:53;0.0;0.0;0.0;Motor
04/11/2021 20:53;127.2;2.07;147.0;Geladeira
04/11/2021 20:53;129.5;0.31;39.7;Iluminacao
04/11/2021 20:53;0.0;0.0;0.0;Motor
04/11/2021 20:53;127.2;2.07;147.0;Geladeira
04/11/2021 20:53;129.0;0.31;39.5;Iluminacao
04/11/2021 20:53;128.8;0.51;66.1;Motor
04/11/2021 20:53;127.2;2.07;147.0;Geladeira
04/11/2021 20:53;129.3;0.31;39.6;Iluminacao
04/11/2021 20:53;0.0;0.0;0.0;Motor
04/11/2021 20:53;127.2;2.07;147.0;Geladeira
04/11/2021 20:53;129.3;0.31;39.6;Iluminacao
04/11/2021 20:53;0.0;0.0;0.0;Motor
04/11/2021 20:53;127.2;2.07;147.0;Geladeira
04/11/2021 20:53;129.1;0.31;39.6;Iluminacao
04/11/2021 20:53;0.0;0.0;0.0;Motor
04/11/2021 20:53;127.2;2.07;147.0;Geladeira
04/11/2021 20:53;129.2;0.31;39.6;Iluminacao
04/11/2021 20:53;0.0;0.0;0.0;Motor
04/11/2021 20:56;127.2;2.07;147.0;Geladeira
04/11/2021 20:56;129.3;0.31;39.6;Iluminacao
04/11/2021 20:56;0.0;0.0;0.0;Motor
04/11/2021 20:56;127.2;2.07;147.0;Geladeira
04/11/2021 20:56;0.0;0.0;0.0;Iluminacao
04/11/2021 20:56;0.0;0.0;0.0;Motor
04/11/2021 20:56;127.2;2.07;147.0;Geladeira
04/11/2021 20:56;0.0;0.0;0.0;Iluminacao
04/11/2021 20:56;0.0;0.0;0.0;Motor
04/11/2021 20:56;127.2;2.07;147.0;Geladeira
04/11/2021 20:56;0.0;0.0;0.0;Iluminacao
04/11/2021 20:56;0.0;0.0;0.0;Motor
04/11/2021 20:57;127.2;2.07;147.0;Geladeira
04/11/2021 20:57;0.0;0.0;0.0;Iluminacao
04/11/2021 20:57;0.0;0.0;0.0;Motor
04/11/2021 20:57;127.2;2.07;147.0;Geladeira
04/11/2021 20:57;0.0;0.0;0.0;Iluminacao
04/11/2021 20:57;0.0;0.0;0.0;Motor
04/11/2021 20:57;127.2;2.07;147.0;Geladeira
04/11/2021 20:57;0.0;0.0;0.0;Iluminacao
04/11/2021 20:57;0.0;0.0;0.0;Motor
04/11/2021 20:57;127.2;2.07;147.0;Geladeira
04/11/2021 20:57;129.4;0.31;39.7;Iluminacao
04/11/2021 20:57;0.0;0.0;0.0;Motor
04/11/2021 20:57;127.2;2.07;147.0;Geladeira
04/11/2021 20:57;129.5;0.31;39.7;Iluminacao
04/11/2021 20:57;0.0;0.0;0.0;Motor
04/11/2021 20:58;127.2;2.07;147.0;Geladeira
04/11/2021 20:58;0.0;0.0;0.0;Iluminacao
04/11/2021 20:58;0.0;0.0;0.0;Motor
04/11/2021 20:58;127.2;2.07;147.0;Geladeira
04/11/2021 20:58;129.1;0.31;39.6;Iluminacao
04/11/2021 20:58;0.0;0.0;0.0;Motor
04/11/2021 20:58;127.2;2.07;147.0;Geladeira
04/11/2021 20:58;129.1;0.31;39.6;Iluminacao
04/11/2021 20:58;0.0;0.0;0.0;Motor
04/11/2021 20:58;127.2;2.07;147.0;Geladeira
04/11/2021 20:58;129.1;0.31;39.6;Iluminacao
04/11/2021 20:58;0.0;0.0;0.0;Motor
04/11/2021 20:58;127.2;2.07;147.0;Geladeira
04/11/2021 20:58;129.1;0.31;39.6;Iluminacao
04/11/2021 20:58;0.0;0.0;0.0;Motor
04/11/2021 20:58;127.2;2.07;147.0;Geladeira
04/11/2021 20:58;129.1;0.31;39.6;Iluminacao
04/11/2021 20:58;0.0;0.0;0.0;Motor
04/11/2021 20:58;127.2;2.07;147.0;Geladeira
04/11/2021 20:58;129.0;0.31;39.6;Iluminacao
04/11/2021 20:58;0.0;0.0;0.0;Motor
04/11/2021 20:58;127.2;2.07;147.0;Geladeira
04/11/2021 20:58;129.0;0.31;39.5;Iluminacao
04/11/2021 20:58;0.0;0.0;0.0;Motor
04/11/2021 20:58;127.2;2.07;147.0;Geladeira
04/11/2021 20:58;129.0;0.31;39.6;Iluminacao
04/11/2021 20:58;0.0;0.0;0.0;Motor
04/11/2021 20:58;127.2;2.07;147.0;Geladeira
04/11/2021 20:58;129.1;0.31;39.6;Iluminacao
04/11/2021 20:58;0.0;0.0;0.0;Motor
04/11/2021 20:58;127.2;2.07;147.0;Geladeira
04/11/2021 20:58;129.0;0.31;39.6;Iluminacao
04/11/2021 20:58;0.0;0.0;0.0;Motor
04/11/2021 20:58;127.2;2.07;147.0;Geladeira
04/11/2021 20:58;128.7;0.31;39.4;Iluminacao
04/11/2021 20:58;128.7;0.52;66.3;Motor
04/11/2021 20:58;127.2;2.07;147.0;Geladeira
04/11/2021 20:58;128.9;0.31;39.5;Iluminacao
04/11/2021 20:58;0.0;0.0;0.0;Motor
04/11/2021 20:58;127.2;2.07;147.0;Geladeira
04/11/2021 20:58;129.0;0.31;39.5;Iluminacao
04/11/2021 20:58;0.0;0.0;0.0;Motor
04/11/2021 20:58;127.2;2.07;147.0;Geladeira
04/11/2021 20:58;129.1;0.31;39.6;Iluminacao
04/11/2021 20:58;0.0;0.0;0.0;Motor
04/11/2021 20:59;127.2;2.07;147.0;Geladeira
04/11/2021 20:59;129.2;0.31;39.6;Iluminacao
04/11/2021 20:59;0.0;0.0;0.0;Motor
04/11/2021 20:59;127.2;2.07;147.0;Geladeira
04/11/2021 20:59;129.2;0.31;39.6;Iluminacao
04/11/2021 20:59;0.0;0.0;0.0;Motor
04/11/2021 20:59;127.2;2.07;147.0;Geladeira
04/11/2021 20:59;0.0;0.0;0.0;Iluminacao
04/11/2021 20:59;0.0;0.0;0.0;Motor
04/11/2021 20:59;127.2;2.07;147.0;Geladeira
04/11/2021 20:59;0.0;0.0;0.0;Iluminacao
04/11/2021 20:59;0.0;0.0;0.0;Motor
04/11/2021 20:59;127.2;2.07;147.0;Geladeira
04/11/2021 20:59;0.0;0.0;0.0;Iluminacao
04/11/2021 20:59;0.0;0.0;0.0;Motor
04/11/2021 20:59;127.2;2.07;147.0;Geladeira
04/11/2021 20:59;0.0;0.0;0.0;Iluminacao
04/11/2021 20:59;0.0;0.0;0.0;Motor
04/11/2021 20:59;127.2;2.07;147.0;Geladeira
04/11/2021 20:59;0.0;0.0;0.0;Iluminacao
04/11/2021 20:59;0.0;0.0;0.0;Motor
04/11/2021 20:59;127.2;2.07;147.0;Geladeira
04/11/2021 20:59;0.0;0.0;0.0;Iluminacao
04/11/2021 20:59;0.0;0.0;0.0;Motor
04/11/2021 20:59;127.2;2.07;147.0;Geladeira
04/11/2021 20:59;0.0;0.0;0.0;Iluminacao
04/11/2021 20:59;0.0;0.0;0.0;Motor
04/11/2021 21:00;127.2;2.07;147.0;Geladeira
04/11/2021 21:00;0.0;0.0;0.0;Iluminacao
04/11/2021 21:00;0.0;0.0;0.0;Motor
04/11/2021 21:00;127.2;2.07;147.0;Geladeira
04/11/2021 21:00;0.0;0.0;0.0;Iluminacao
04/11/2021 21:00;0.0;0.0;0.0;Motor
04/11/2021 21:00;127.2;2.07;147.0;Geladeira
04/11/2021 21:00;0.0;0.0;0.0;Iluminacao
04/11/2021 21:00;0.0;0.0;0.0;Motor
04/11/2021 21:00;127.2;2.07;147.0;Geladeira
04/11/2021 21:00;0.0;0.0;0.0;Iluminacao
04/11/2021 21:00;0.0;0.0;0.0;Motor
04/11/2021 21:00;127.2;2.07;147.0;Geladeira
04/11/2021 21:00;0.0;0.0;0.0;Iluminacao
04/11/2021 21:00;0.0;0.0;0.0;Motor
04/11/2021 21:00;127.2;2.07;147.0;Geladeira
04/11/2021 21:00;0.0;0.0;0.0;Iluminacao
04/11/2021 21:00;0.0;0.0;0.0;Motor
04/11/2021 21:01;127.2;2.07;147.0;Geladeira
04/11/2021 21:01;0.0;0.0;0.0;Iluminacao
04/11/2021 21:01;0.0;0.0;0.0;Motor
04/11/2021 21:01;127.2;2.07;147.0;Geladeira
04/11/2021 21:01;0.0;0.0;0.0;Iluminacao
04/11/2021 21:01;0.0;0.0;0.0;Motor
04/11/2021 21:01;127.2;2.07;147.0;Geladeira
04/11/2021 21:01;0.0;0.0;0.0;Iluminacao
04/11/2021 21:01;0.0;0.0;0.0;Motor
04/11/2021 21:01;127.2;2.07;147.0;Geladeira
04/11/2021 21:01;0.0;0.0;0.0;Iluminacao
04/11/2021 21:01;0.0;0.0;0.0;Motor
04/11/2021 21:01;127.2;2.07;147.0;Geladeira
04/11/2021 21:01;0.0;0.0;0.0;Iluminacao
04/11/2021 21:01;0.0;0.0;0.0;Motor
04/11/2021 21:01;127.2;2.07;147.0;Geladeira
04/11/2021 21:01;0.0;0.0;0.0;Iluminacao
04/11/2021 21:01;0.0;0.0;0.0;Motor
04/11/2021 21:01;127.2;2.07;147.0;Geladeira
04/11/2021 21:01;0.0;0.0;0.0;Iluminacao
04/11/2021 21:01;0.0;0.0;0.0;Motor
04/11/2021 21:01;127.2;2.07;147.0;Geladeira
04/11/2021 21:01;0.0;0.0;0.0;Iluminacao
04/11/2021 21:01;0.0;0.0;0.0;Motor
04/11/2021 21:02;127.2;2.07;147.0;Geladeira
04/11/2021 21:02;0.0;0.0;0.0;Iluminacao
04/11/2021 21:02;0.0;0.0;0.0;Motor
04/11/2021 21:02;127.2;2.07;147.0;Geladeira
04/11/2021 21:02;129.0;0.31;39.5;Iluminacao
04/11/2021 21:02;0.0;0.0;0.0;Motor
04/11/2021 21:02;127.2;2.07;147.0;Geladeira
04/11/2021 21:02;128.9;0.31;39.4;Iluminacao
04/11/2021 21:02;128.8;0.51;66.1;Motor
04/11/2021 21:02;127.2;2.07;147.0;Geladeira
04/11/2021 21:02;129.0;0.31;39.5;Iluminacao
04/11/2021 21:02;0.0;0.0;0.0;Motor
04/11/2021 21:02;127.2;2.07;147.0;Geladeira
04/11/2021 21:02;129.1;0.31;39.6;Iluminacao
04/11/2021 21:02;0.0;0.0;0.0;Motor
04/11/2021 21:02;127.2;2.07;147.0;Geladeira
04/11/2021 21:02;129.2;0.31;39.6;Iluminacao
04/11/2021 21:02;0.0;0.0;0.0;Motor
04/11/2021 21:02;127.2;2.07;147.0;Geladeira
04/11/2021 21:02;129.3;0.31;39.7;Iluminacao
04/11/2021 21:02;0.0;0.0;0.0;Motor
04/11/2021 21:02;127.2;2.07;147.0;Geladeira
04/11/2021 21:02;129.4;0.31;39.7;Iluminacao
04/11/2021 21:02;0.0;0.0;0.0;Motor
04/11/2021 21:02;127.2;2.07;147.0;Geladeira
04/11/2021 21:02;129.3;0.31;39.6;Iluminacao
04/11/2021 21:02;0.0;0.0;0.0;Motor
04/11/2021 21:02;127.2;2.07;147.0;Geladeira
04/11/2021 21:02;129.3;0.31;39.7;Iluminacao
04/11/2021 21:02;0.0;0.0;0.0;Motor
04/11/2021 21:02;127.2;2.07;147.0;Geladeira
04/11/2021 21:02;129.3;0.31;39.7;Iluminacao
04/11/2021 21:02;0.0;0.0;0.0;Motor
04/11/2021 21:02;127.2;2.07;147.0;Geladeira
04/11/2021 21:02;129.3;0.31;39.7;Iluminacao
04/11/2021 21:02;0.0;0.0;0.0;Motor
04/11/2021 21:02;127.2;2.07;147.0;Geladeira
04/11/2021 21:02;129.4;0.31;39.7;Iluminacao
04/11/2021 21:02;0.0;0.0;0.0;Motor
04/11/2021 21:02;127.2;2.07;147.0;Geladeira
04/11/2021 21:02;129.4;0.31;39.7;Iluminacao
04/11/2021 21:02;0.0;0.0;0.0;Motor
04/11/2021 21:02;127.2;2.07;147.0;Geladeira
04/11/2021 21:02;129.5;0.31;39.7;Iluminacao
04/11/2021 21:02;0.0;0.0;0.0;Motor
04/11/2021 21:03;127.2;2.07;147.0;Geladeira
04/11/2021 21:03;129.3;0.31;39.7;Iluminacao
04/11/2021 21:03;0.0;0.0;0.0;Motor
04/11/2021 21:03;127.2;2.07;147.0;Geladeira
04/11/2021 21:03;129.4;0.31;39.7;Iluminacao
04/11/2021 21:03;0.0;0.0;0.0;Motor
04/11/2021 21:09;127.2;2.07;147.0;Geladeira
04/11/2021 21:09;129.5;0.31;39.8;Iluminacao
04/11/2021 21:09;0.0;0.0;0.0;Motor
04/11/2021 21:09;127.2;2.07;147.0;Geladeira
04/11/2021 21:09;128.9;0.31;39.5;Iluminacao
04/11/2021 21:09;128.8;0.51;66.0;Motor
04/11/2021 21:09;127.2;2.07;147.0;Geladeira
04/11/2021 21:09;128.9;0.31;39.5;Iluminacao
04/11/2021 21:09;128.7;0.51;66.0;Motor
04/11/2021 21:09;127.2;2.07;147.0;Geladeira
04/11/2021 21:09;129.3;0.31;39.7;Iluminacao
04/11/2021 21:09;0.0;0.0;0.0;Motor
04/11/2021 21:09;127.2;2.07;147.0;Geladeira
04/11/2021 21:09;0.0;0.0;0.0;Iluminacao
04/11/2021 21:09;0.0;0.0;0.0;Motor
04/11/2021 21:09;127.2;2.07;147.0;Geladeira
04/11/2021 21:09;0.0;0.0;0.0;Iluminacao
04/11/2021 21:09;0.0;0.0;0.0;Motor
04/11/2021 21:09;127.2;2.07;147.0;Geladeira
04/11/2021 21:09;0.0;0.0;0.0;Iluminacao
04/11/2021 21:09;0.0;0.0;0.0;Motor
04/11/2021 21:10;127.2;2.07;147.0;Geladeira
04/11/2021 21:10;0.0;0.0;0.0;Iluminacao
04/11/2021 21:10;0.0;0.0;0.0;Motor
04/11/2021 21:10;127.2;2.07;147.0;Geladeira
04/11/2021 21:10;0.0;0.0;0.0;Iluminacao
04/11/2021 21:10;0.0;0.0;0.0;Motor
04/11/2021 21:10;127.2;2.07;147.0;Geladeira
04/11/2021 21:10;0.0;0.0;0.0;Iluminacao
04/11/2021 21:10;0.0;0.0;0.0;Motor
04/11/2021 21:10;127.2;2.07;147.0;Geladeira
04/11/2021 21:10;0.0;0.0;0.0;Iluminacao
04/11/2021 21:10;0.0;0.0;0.0;Motor
04/11/2021 21:10;127.2;2.07;147.0;Geladeira
04/11/2021 21:10;0.0;0.0;0.0;Iluminacao
04/11/2021 21:10;0.0;0.0;0.0;Motor
04/11/2021 21:11;127.2;2.07;147.0;Geladeira
04/11/2021 21:11;0.0;0.0;0.0;Iluminacao
04/11/2021 21:11;0.0;0.0;0.0;Motor
04/11/2021 21:11;127.2;2.07;147.0;Geladeira
04/11/2021 21:11;0.0;0.0;0.0;Iluminacao
04/11/2021 21:11;0.0;0.0;0.0;Motor
04/11/2021 21:11;127.2;2.07;147.0;Geladeira
04/11/2021 21:11;0.0;0.0;0.0;Iluminacao
04/11/2021 21:11;0.0;0.0;0.0;Motor
04/11/2021 21:11;127.2;2.07;147.0;Geladeira
04/11/2021 21:11;0.0;0.0;0.0;Iluminacao
04/11/2021 21:11;0.0;0.0;0.0;Motor
04/11/2021 21:11;127.2;2.07;147.0;Geladeira
04/11/2021 21:11;0.0;0.0;0.0;Iluminacao
04/11/2021 21:11;0.0;0.0;0.0;Motor
04/11/2021 21:11;127.2;2.07;147.0;Geladeira
04/11/2021 21:11;0.0;0.0;0.0;Iluminacao
04/11/2021 21:11;0.0;0.0;0.0;Motor
04/11/2021 21:11;127.2;2.07;147.0;Geladeira
04/11/2021 21:11;0.0;0.0;0.0;Iluminacao
04/11/2021 21:11;0.0;0.0;0.0;Motor
04/11/2021 21:11;127.2;2.07;147.0;Geladeira
04/11/2021 21:11;0.0;0.0;0.0;Iluminacao
04/11/2021 21:11;0.0;0.0;0.0;Motor
04/11/2021 21:12;127.2;2.07;147.0;Geladeira
04/11/2021 21:12;0.0;0.0;0.0;Iluminacao
04/11/2021 21:12;0.0;0.0;0.0;Motor
04/11/2021 21:12;127.2;2.07;147.0;Geladeira
04/11/2021 21:12;0.0;0.0;0.0;Iluminacao
04/11/2021 21:12;0.0;0.0;0.0;Motor
04/11/2021 21:12;127.2;2.07;147.0;Geladeira
04/11/2021 21:12;0.0;0.0;0.0;Iluminacao
04/11/2021 21:12;0.0;0.0;0.0;Motor
04/11/2021 21:12;127.2;2.07;147.0;Geladeira
04/11/2021 21:12;0.0;0.0;0.0;Iluminacao
04/11/2021 21:12;0.0;0.0;0.0;Motor
04/11/2021 21:12;127.2;2.07;147.0;Geladeira
04/11/2021 21:12;0.0;0.0;0.0;Iluminacao
04/11/2021 21:12;0.0;0.0;0.0;Motor
04/11/2021 21:12;127.2;2.07;147.0;Geladeira
04/11/2021 21:12;0.0;0.0;0.0;Iluminacao
04/11/2021 21:12;0.0;0.0;0.0;Motor
04/11/2021 21:12;127.2;2.07;147.0;Geladeira
04/11/2021 21:12;0.0;0.0;0.0;Iluminacao
04/11/2021 21:12;0.0;0.0;0.0;Motor
04/11/2021 21:13;127.2;2.07;147.0;Geladeira
04/11/2021 21:13;0.0;0.0;0.0;Iluminacao
04/11/2021 21:13;0.0;0.0;0.0;Motor
04/11/2021 21:13;127.2;2.07;147.0;Geladeira
04/11/2021 21:13;0.0;0.0;0.0;Iluminacao
04/11/2021 21:13;0.0;0.0;0.0;Motor
04/11/2021 21:13;127.2;2.07;147.0;Geladeira
04/11/2021 21:13;0.0;0.0;0.0;Iluminacao
04/11/2021 21:13;0.0;0.0;0.0;Motor
04/11/2021 21:13;127.2;2.07;147.0;Geladeira
04/11/2021 21:13;0.0;0.0;0.0;Iluminacao
04/11/2021 21:13;0.0;0.0;0.0;Motor
04/11/2021 21:13;127.2;2.07;147.0;Geladeira
04/11/2021 21:13;0.0;0.0;0.0;Iluminacao
04/11/2021 21:13;0.0;0.0;0.0;Motor
04/11/2021 21:14;127.2;2.07;147.0;Geladeira
04/11/2021 21:14;0.0;0.0;0.0;Iluminacao
04/11/2021 21:14;0.0;0.0;0.0;Motor
04/11/2021 21:14;127.2;2.07;147.0;Geladeira
04/11/2021 21:14;0.0;0.0;0.0;Iluminacao
04/11/2021 21:14;0.0;0.0;0.0;Motor
04/11/2021 21:14;127.2;2.07;147.0;Geladeira
04/11/2021 21:14;0.0;0.0;0.0;Iluminacao
04/11/2021 21:14;0.0;0.0;0.0;Motor
04/11/2021 21:14;127.2;2.07;147.0;Geladeira
04/11/2021 21:14;0.0;0.0;0.0;Iluminacao
04/11/2021 21:14;0.0;0.0;0.0;Motor
04/11/2021 21:14;127.2;2.07;147.0;Geladeira
04/11/2021 21:14;0.0;0.0;0.0;Iluminacao
04/11/2021 21:14;0.0;0.0;0.0;Motor
04/11/2021 21:14;127.2;2.07;147.0;Geladeira
04/11/2021 21:14;129.2;0.31;39.5;Iluminacao
04/11/2021 21:14;0.0;0.0;0.0;Motor
04/11/2021 21:14;127.2;2.07;147.0;Geladeira
04/11/2021 21:14;129.1;0.31;39.5;Iluminacao
04/11/2021 21:14;0.0;0.0;0.0;Motor
04/11/2021 21:14;127.2;2.07;147.0;Geladeira
04/11/2021 21:14;129.0;0.31;39.4;Iluminacao
04/11/2021 21:14;128.8;0.51;66.1;Motor
04/11/2021 21:14;127.2;2.07;147.0;Geladeira
04/11/2021 21:14;128.9;0.31;39.4;Iluminacao
04/11/2021 21:14;128.8;0.51;66.0;Motor
04/11/2021 21:14;127.2;2.07;147.0;Geladeira
04/11/2021 21:14;129.2;0.31;39.5;Iluminacao
04/11/2021 21:14;0.0;0.0;0.0;Motor
04/11/2021 21:14;127.2;2.07;147.0;Geladeira
04/11/2021 21:14;0.0;0.0;0.0;Iluminacao
04/11/2021 21:14;0.0;0.0;0.0;Motor
04/11/2021 21:15;127.2;2.07;147.0;Geladeira
04/11/2021 21:15;0.0;0.0;0.0;Iluminacao
04/11/2021 21:15;0.0;0.0;0.0;Motor
04/11/2021 21:15;127.2;2.07;147.0;Geladeira
04/11/2021 21:15;129.1;0.31;39.5;Iluminacao
04/11/2021 21:15;0.0;0.0;0.0;Motor
04/11/2021 21:15;127.2;2.07;147.0;Geladeira
04/11/2021 21:15;129.1;0.31;39.5;Iluminacao
04/11/2021 21:15;0.0;0.0;0.0;Motor
04/11/2021 21:15;127.2;2.07;147.0;Geladeira
04/11/2021 21:15;129.1;0.31;39.5;Iluminacao
04/11/2021 21:15;0.0;0.0;0.0;Motor
04/11/2021 21:15;127.2;2.07;147.0;Geladeira
04/11/2021 21:15;129.2;0.31;39.5;Iluminacao
04/11/2021 21:15;0.0;0.0;0.0;Motor
04/11/2021 21:15;127.2;2.07;147.0;Geladeira
04/11/2021 21:15;129.2;0.31;39.6;Iluminacao
04/11/2021 21:15;0.0;0.0;0.0;Motor
04/11/2021 21:15;127.2;2.07;147.0;Geladeira
04/11/2021 21:15;129.2;0.31;39.6;Iluminacao
04/11/2021 21:15;0.0;0.0;0.0;Motor
04/11/2021 21:15;127.2;2.07;147.0;Geladeira
04/11/2021 21:15;129.2;0.31;39.6;Iluminacao
04/11/2021 21:15;0.0;0.0;0.0;Motor
04/11/2021 21:15;127.2;2.07;147.0;Geladeira
04/11/2021 21:15;129.0;0.31;39.5;Iluminacao
04/11/2021 21:15;129.0;0.51;66.1;Motor
04/11/2021 21:15;127.2;2.07;147.0;Geladeira
04/11/2021 21:15;129.1;0.31;39.5;Iluminacao
04/11/2021 21:15;0.0;0.0;0.0;Motor
04/11/2021 21:15;127.2;2.07;147.0;Geladeira
04/11/2021 21:15;129.2;0.31;39.6;Iluminacao
04/11/2021 21:15;0.0;0.0;0.0;Motor
04/11/2021 21:15;127.2;2.07;147.0;Geladeira
04/11/2021 21:15;129.1;0.31;39.5;Iluminacao
04/11/2021 21:15;0.0;0.0;0.0;Motor
04/11/2021 21:15;127.2;2.07;147.0;Geladeira
04/11/2021 21:15;129.1;0.31;39.6;Iluminacao
04/11/2021 21:15;0.0;0.0;0.0;Motor
04/11/2021 21:15;127.2;2.07;147.0;Geladeira
04/11/2021 21:15;129.2;0.31;39.5;Iluminacao
04/11/2021 21:15;0.0;0.0;0.0;Motor
04/11/2021 21:15;127.2;2.07;147.0;Geladeira
04/11/2021 21:15;129.1;0.31;39.5;Iluminacao
04/11/2021 21:15;0.0;0.0;0.0;Motor
04/11/2021 21:16;127.2;2.07;147.0;Geladeira
04/11/2021 21:16;129.1;0.31;39.5;Iluminacao
04/11/2021 21:16;0.0;0.0;0.0;Motor
04/11/2021 21:16;127.2;2.07;147.0;Geladeira
04/11/2021 21:16;129.1;0.31;39.6;Iluminacao
04/11/2021 21:16;0.0;0.0;0.0;Motor
04/11/2021 21:16;127.2;2.07;147.0;Geladeira
04/11/2021 21:16;129.2;0.31;39.6;Iluminacao
04/11/2021 21:16;0.0;0.0;0.0;Motor
04/11/2021 21:16;127.2;2.07;147.0;Geladeira
04/11/2021 21:16;129.2;0.31;39.6;Iluminacao
04/11/2021 21:16;0.0;0.0;0.0;Motor
04/11/2021 21:16;127.2;2.07;147.0;Geladeira
04/11/2021 21:16;129.2;0.31;39.6;Iluminacao
04/11/2021 21:16;0.0;0.0;0.0;Motor
04/11/2021 21:16;127.2;2.07;147.0;Geladeira
04/11/2021 21:16;129.2;0.31;39.6;Iluminacao
04/11/2021 21:16;0.0;0.0;0.0;Motor
04/11/2021 21:16;127.2;2.07;147.0;Geladeira
04/11/2021 21:16;129.2;0.31;39.6;Iluminacao
04/11/2021 21:16;0.0;0.0;0.0;Motor
04/11/2021 21:16;127.2;2.07;147.0;Geladeira
04/11/2021 21:16;129.2;0.31;39.6;Iluminacao
04/11/2021 21:16;0.0;0.0;0.0;Motor
04/11/2021 21:16;127.2;2.07;147.0;Geladeira
04/11/2021 21:16;129.2;0.31;39.6;Iluminacao
04/11/2021 21:16;0.0;0.0;0.0;Motor
04/11/2021 21:16;127.2;2.07;147.0;Geladeira
04/11/2021 21:16;0.0;0.0;0.0;Iluminacao
04/11/2021 21:16;0.0;0.0;0.0;Motor
04/11/2021 21:16;127.2;2.07;147.0;Geladeira
04/11/2021 21:16;0.0;0.0;0.0;Iluminacao
04/11/2021 21:16;129.0;0.51;66.1;Motor
04/11/2021 21:16;127.2;2.07;147.0;Geladeira
04/11/2021 21:16;0.0;0.0;0.0;Iluminacao
04/11/2021 21:16;129.0;0.51;66.1;Motor
04/11/2021 21:16;127.2;2.07;147.0;Geladeira
04/11/2021 21:16;0.0;0.0;0.0;Iluminacao
04/11/2021 21:16;0.0;0.0;0.0;Motor
04/11/2021 21:16;127.2;2.07;147.0;Geladeira
04/11/2021 21:16;0.0;0.0;0.0;Iluminacao
04/11/2021 21:16;0.0;0.0;0.0;Motor
04/11/2021 21:17;127.2;2.07;147.0;Geladeira
04/11/2021 21:17;0.0;0.0;0.0;Iluminacao
04/11/2021 21:17;0.0;0.0;0.0;Motor
04/11/2021 21:17;127.2;2.07;147.0;Geladeira
04/11/2021 21:17;0.0;0.0;0.0;Iluminacao
04/11/2021 21:17;0.0;0.0;0.0;Motor
04/11/2021 21:17;127.2;2.07;147.0;Geladeira
04/11/2021 21:17;0.0;0.0;0.0;Iluminacao
04/11/2021 21:17;0.0;0.0;0.0;Motor
04/11/2021 21:17;127.2;2.07;147.0;Geladeira
04/11/2021 21:17;129.3;0.31;39.5;Iluminacao
04/11/2021 21:17;0.0;0.0;0.0;Motor
04/11/2021 21:17;127.2;2.07;147.0;Geladeira
04/11/2021 21:17;129.3;0.31;39.5;Iluminacao
04/11/2021 21:17;0.0;0.0;0.0;Motor
04/11/2021 21:17;127.2;2.07;147.0;Geladeira
04/11/2021 21:17;129.3;0.31;39.6;Iluminacao
04/11/2021 21:17;0.0;0.0;0.0;Motor
04/11/2021 21:17;127.2;2.07;147.0;Geladeira
04/11/2021 21:17;129.3;0.31;39.5;Iluminacao
04/11/2021 21:17;0.0;0.0;0.0;Motor
04/11/2021 21:17;127.2;2.07;147.0;Geladeira
04/11/2021 21:17;129.2;0.31;39.5;Iluminacao
04/11/2021 21:17;0.0;0.0;0.0;Motor
04/11/2021 21:17;127.2;2.07;147.0;Geladeira
04/11/2021 21:17;129.2;0.31;39.5;Iluminacao
04/11/2021 21:17;0.0;0.0;0.0;Motor
04/11/2021 21:17;127.2;2.07;147.0;Geladeira
04/11/2021 21:17;0.0;0.0;0.0;Iluminacao
04/11/2021 21:17;0.0;0.0;0.0;Motor
04/11/2021 21:18;127.2;2.07;147.0;Geladeira
04/11/2021 21:18;0.0;0.0;0.0;Iluminacao
04/11/2021 21:18;0.0;0.0;0.0;Motor
04/11/2021 21:18;127.2;2.07;147.0;Geladeira
04/11/2021 21:18;0.0;0.0;0.0;Iluminacao
04/11/2021 21:18;0.0;0.0;0.0;Motor
04/11/2021 21:18;127.2;2.07;147.0;Geladeira
04/11/2021 21:18;0.0;0.0;0.0;Iluminacao
04/11/2021 21:18;0.0;0.0;0.0;Motor
04/11/2021 21:18;127.2;2.07;147.0;Geladeira
04/11/2021 21:18;0.0;0.0;0.0;Iluminacao
04/11/2021 21:18;0.0;0.0;0.0;Motor
04/11/2021 21:18;127.2;2.07;147.0;Geladeira
04/11/2021 21:18;0.0;0.0;0.0;Iluminacao
04/11/2021 21:18;0.0;0.0;0.0;Motor
04/11/2021 21:18;127.2;2.07;147.0;Geladeira
04/11/2021 21:18;0.0;0.0;0.0;Iluminacao
04/11/2021 21:18;0.0;0.0;0.0;Motor
04/11/2021 21:18;127.2;2.07;147.0;Geladeira
04/11/2021 21:18;0.0;0.0;0.0;Iluminacao
04/11/2021 21:18;0.0;0.0;0.0;Motor
04/11/2021 21:18;127.2;2.07;147.0;Geladeira
04/11/2021 21:18;129.3;0.31;39.6;Iluminacao
04/11/2021 21:18;0.0;0.0;0.0;Motor
04/11/2021 21:18;127.2;2.07;147.0;Geladeira
04/11/2021 21:18;129.4;0.31;39.7;Iluminacao
04/11/2021 21:18;0.0;0.0;0.0;Motor
04/11/2021 21:18;127.2;2.07;147.0;Geladeira
04/11/2021 21:18;129.4;0.31;39.7;Iluminacao
04/11/2021 21:18;0.0;0.0;0.0;Motor
04/11/2021 21:19;127.2;2.07;147.0;Geladeira
04/11/2021 21:19;129.3;0.31;39.6;Iluminacao
04/11/2021 21:19;129.2;0.51;66.4;Motor
04/11/2021 21:19;127.2;2.07;147.0;Geladeira
04/11/2021 21:19;129.2;0.31;39.6;Iluminacao
04/11/2021 21:19;0.0;0.0;0.0;Motor
04/11/2021 21:19;127.2;2.07;147.0;Geladeira
04/11/2021 21:19;129.6;0.31;39.8;Iluminacao
04/11/2021 21:19;0.0;0.0;0.0;Motor
04/11/2021 21:19;127.2;2.07;147.0;Geladeira
04/11/2021 21:19;129.6;0.31;39.8;Iluminacao
04/11/2021 21:19;0.0;0.0;0.0;Motor
04/11/2021 21:19;127.2;2.07;147.0;Geladeira
04/11/2021 21:19;129.5;0.31;39.8;Iluminacao
04/11/2021 21:19;0.0;0.0;0.0;Motor
04/11/2021 21:19;127.2;2.07;147.0;Geladeira
04/11/2021 21:19;129.5;0.31;39.8;Iluminacao
04/11/2021 21:19;0.0;0.0;0.0;Motor
04/11/2021 21:19;127.2;2.07;147.0;Geladeira
04/11/2021 21:19;129.6;0.31;39.8;Iluminacao
04/11/2021 21:19;0.0;0.0;0.0;Motor
04/11/2021 21:19;127.2;2.07;147.0;Geladeira
04/11/2021 21:19;129.5;0.31;39.8;Iluminacao
04/11/2021 21:19;0.0;0.0;0.0;Motor
04/11/2021 21:19;127.2;2.07;147.0;Geladeira
04/11/2021 21:19;129.5;0.31;39.8;Iluminacao
04/11/2021 21:19;0.0;0.0;0.0;Motor
04/11/2021 21:19;127.2;2.07;147.0;Geladeira
04/11/2021 21:19;129.6;0.31;39.8;Iluminacao
04/11/2021 21:19;0.0;0.0;0.0;Motor
04/11/2021 21:19;127.2;2.07;147.0;Geladeira
04/11/2021 21:19;129.6;0.31;39.8;Iluminacao
04/11/2021 21:19;0.0;0.0;0.0;Motor
04/11/2021 21:19;127.2;2.07;147.0;Geladeira
04/11/2021 21:19;129.5;0.31;39.8;Iluminacao
04/11/2021 21:19;0.0;0.0;0.0;Motor
04/11/2021 21:19;127.2;2.07;147.0;Geladeira
04/11/2021 21:19;129.6;0.31;39.8;Iluminacao
04/11/2021 21:19;0.0;0.0;0.0;Motor
04/11/2021 21:19;127.2;2.07;147.0;Geladeira
04/11/2021 21:19;129.6;0.31;39.8;Iluminacao
04/11/2021 21:19;0.0;0.0;0.0;Motor
04/11/2021 21:19;127.2;2.07;147.0;Geladeira
04/11/2021 21:19;129.5;0.31;39.8;Iluminacao
04/11/2021 21:19;0.0;0.0;0.0;Motor
04/11/2021 21:19;127.2;2.07;147.0;Geladeira
04/11/2021 21:19;129.5;0.31;39.8;Iluminacao
04/11/2021 21:19;0.0;0.0;0.0;Motor
04/11/2021 21:19;127.2;2.07;147.0;Geladeira
04/11/2021 21:19;129.6;0.31;39.8;Iluminacao
04/11/2021 21:19;0.0;0.0;0.0;Motor
04/11/2021 21:19;127.2;2.07;147.0;Geladeira
04/11/2021 21:19;129.4;0.31;39.7;Iluminacao
04/11/2021 21:19;0.0;0.0;0.0;Motor
04/11/2021 21:19;127.2;2.07;147.0;Geladeira
04/11/2021 21:19;129.5;0.31;39.8;Iluminacao
04/11/2021 21:19;0.0;0.0;0.0;Motor
04/11/2021 21:20;127.2;2.07;147.0;Geladeira
04/11/2021 21:20;129.6;0.31;39.8;Iluminacao
04/11/2021 21:20;0.0;0.0;0.0;Motor
04/11/2021 21:20;127.2;2.07;147.0;Geladeira
04/11/2021 21:20;129.6;0.31;39.8;Iluminacao
04/11/2021 21:20;0.0;0.0;0.0;Motor
04/11/2021 21:20;127.2;2.07;147.0;Geladeira
04/11/2021 21:20;0.0;0.0;0.0;Iluminacao
04/11/2021 21:20;0.0;0.0;0.0;Motor
04/11/2021 21:20;127.2;2.07;147.0;Geladeira
04/11/2021 21:20;0.0;0.0;0.0;Iluminacao
04/11/2021 21:20;0.0;0.0;0.0;Motor
04/11/2021 21:20;127.2;2.07;147.0;Geladeira
04/11/2021 21:20;0.0;0.0;0.0;Iluminacao
04/11/2021 21:20;129.5;0.51;66.6;Motor
04/11/2021 21:20;127.2;2.07;147.0;Geladeira
04/11/2021 21:20;0.0;0.0;0.0;Iluminacao
04/11/2021 21:20;129.4;0.51;66.5;Motor
04/11/2021 21:20;127.2;2.07;147.0;Geladeira
04/11/2021 21:20;0.0;0.0;0.0;Iluminacao
04/11/2021 21:20;0.0;0.0;0.0;Motor
04/11/2021 21:20;127.2;2.07;147.0;Geladeira
04/11/2021 21:20;0.0;0.0;0.0;Iluminacao
04/11/2021 21:20;0.0;0.0;0.0;Motor
04/11/2021 21:20;127.2;2.07;147.0;Geladeira
04/11/2021 21:20;0.0;0.0;0.0;Iluminacao
04/11/2021 21:20;0.0;0.0;0.0;Motor
04/11/2021 21:20;127.2;2.07;147.0;Geladeira
04/11/2021 21:20;0.0;0.0;0.0;Iluminacao
04/11/2021 21:20;0.0;0.0;0.0;Motor
04/11/2021 21:21;127.2;2.07;147.0;Geladeira
04/11/2021 21:21;0.0;0.0;0.0;Iluminacao
04/11/2021 21:21;0.0;0.0;0.0;Motor
04/11/2021 21:21;127.2;2.07;147.0;Geladeira
04/11/2021 21:21;0.0;0.0;0.0;Iluminacao
04/11/2021 21:21;0.0;0.0;0.0;Motor
04/11/2021 21:21;127.2;2.07;147.0;Geladeira
04/11/2021 21:21;0.0;0.0;0.0;Iluminacao
04/11/2021 21:21;129.7;0.52;66.8;Motor
04/11/2021 21:21;127.2;2.07;147.0;Geladeira
04/11/2021 21:21;0.0;0.0;0.0;Iluminacao
04/11/2021 21:21;129.7;0.52;66.8;Motor
04/11/2021 21:21;127.2;2.07;147.0;Geladeira
04/11/2021 21:21;0.0;0.0;0.0;Iluminacao
04/11/2021 21:21;0.0;0.0;0.0;Motor
04/11/2021 21:21;127.2;2.07;147.0;Geladeira
04/11/2021 21:21;0.0;0.0;0.0;Iluminacao
04/11/2021 21:21;0.0;0.0;0.0;Motor
04/11/2021 21:21;127.2;2.07;147.0;Geladeira
04/11/2021 21:21;0.0;0.0;0.0;Iluminacao
04/11/2021 21:21;0.0;0.0;0.0;Motor
04/11/2021 21:22;127.2;2.07;147.0;Geladeira
04/11/2021 21:22;0.0;0.0;0.0;Iluminacao
04/11/2021 21:22;0.0;0.0;0.0;Motor
04/11/2021 21:22;127.2;2.07;147.0;Geladeira
04/11/2021 21:22;0.0;0.0;0.0;Iluminacao
04/11/2021 21:22;0.0;0.0;0.0;Motor
04/11/2021 21:22;127.2;2.07;147.0;Geladeira
04/11/2021 21:22;0.0;0.0;0.0;Iluminacao
04/11/2021 21:22;0.0;0.0;0.0;Motor
04/11/2021 21:22;127.2;2.07;147.0;Geladeira
04/11/2021 21:22;0.0;0.0;0.0;Iluminacao
04/11/2021 21:22;0.0;0.0;0.0;Motor
04/11/2021 21:22;127.2;2.07;147.0;Geladeira
04/11/2021 21:22;0.0;0.0;0.0;Iluminacao
04/11/2021 21:22;0.0;0.0;0.0;Motor
04/11/2021 21:22;127.2;2.07;147.0;Geladeira
04/11/2021 21:22;0.0;0.0;0.0;Iluminacao
04/11/2021 21:22;0.0;0.0;0.0;Motor
04/11/2021 21:22;127.2;2.07;147.0;Geladeira
04/11/2021 21:22;0.0;0.0;0.0;Iluminacao
04/11/2021 21:22;0.0;0.0;0.0;Motor
04/11/2021 21:23;127.2;2.07;147.0;Geladeira
04/11/2021 21:23;128.0;0.31;39.0;Iluminacao
04/11/2021 21:23;0.0;0.0;0.0;Motor
04/11/2021 21:23;127.2;2.07;147.0;Geladeira
04/11/2021 21:23;128.0;0.31;39.0;Iluminacao
04/11/2021 21:23;0.0;0.0;0.0;Motor
04/11/2021 21:23;127.2;2.07;147.0;Geladeira
04/11/2021 21:23;128.0;0.31;39.0;Iluminacao
04/11/2021 21:23;0.0;0.0;0.0;Motor
04/11/2021 21:23;127.2;2.07;147.0;Geladeira
04/11/2021 21:23;128.0;0.31;39.0;Iluminacao
04/11/2021 21:23;0.0;0.0;0.0;Motor
04/11/2021 21:23;127.2;2.07;147.0;Geladeira
04/11/2021 21:23;127.9;0.31;39.0;Iluminacao
04/11/2021 21:23;0.0;0.0;0.0;Motor
04/11/2021 21:23;127.2;2.07;147.0;Geladeira
04/11/2021 21:23;127.8;0.31;39.0;Iluminacao
04/11/2021 21:23;0.0;0.0;0.0;Motor
04/11/2021 21:23;127.2;2.07;147.0;Geladeira
04/11/2021 21:23;127.9;0.31;38.9;Iluminacao
04/11/2021 21:23;0.0;0.0;0.0;Motor
04/11/2021 21:23;127.2;2.07;147.0;Geladeira
04/11/2021 21:23;127.9;0.31;38.9;Iluminacao
04/11/2021 21:23;0.0;0.0;0.0;Motor
04/11/2021 21:23;127.2;2.07;147.0;Geladeira
04/11/2021 21:23;127.8;0.31;39.0;Iluminacao
04/11/2021 21:23;0.0;0.0;0.0;Motor
04/11/2021 21:23;127.2;2.07;147.0;Geladeira
04/11/2021 21:23;127.8;0.31;38.9;Iluminacao
04/11/2021 21:23;0.0;0.0;0.0;Motor
04/11/2021 21:23;127.2;2.07;147.0;Geladeira
04/11/2021 21:23;127.9;0.31;39.0;Iluminacao
04/11/2021 21:23;0.0;0.0;0.0;Motor
04/11/2021 21:23;127.2;2.07;147.0;Geladeira
04/11/2021 21:23;127.9;0.31;39.0;Iluminacao
04/11/2021 21:23;0.0;0.0;0.0;Motor
04/11/2021 21:23;127.2;2.07;147.0;Geladeira
04/11/2021 21:23;127.9;0.31;39.0;Iluminacao
04/11/2021 21:23;0.0;0.0;0.0;Motor
04/11/2021 21:23;127.2;2.07;147.0;Geladeira
04/11/2021 21:23;127.9;0.31;39.0;Iluminacao
04/11/2021 21:23;0.0;0.0;0.0;Motor
04/11/2021 21:23;127.2;2.07;147.0;Geladeira
04/11/2021 21:23;127.9;0.31;39.0;Iluminacao
04/11/2021 21:23;0.0;0.0;0.0;Motor
04/11/2021 21:23;127.2;2.07;147.0;Geladeira
04/11/2021 21:23;127.8;0.31;39.0;Iluminacao
04/11/2021 21:23;0.0;0.0;0.0;Motor
04/11/2021 21:23;127.2;2.07;147.0;Geladeira
04/11/2021 21:23;127.7;0.31;38.9;Iluminacao
04/11/2021 21:23;127.6;0.51;65.1;Motor
04/11/2021 21:23;127.2;2.07;147.0;Geladeira
04/11/2021 21:23;127.7;0.31;38.9;Iluminacao
04/11/2021 21:23;0.0;0.0;0.0;Motor
04/11/2021 21:23;127.2;2.07;147.0;Geladeira
04/11/2021 21:23;127.9;0.31;39.0;Iluminacao
04/11/2021 21:23;0.0;0.0;0.0;Motor
04/11/2021 21:24;127.2;2.07;147.0;Geladeira
04/11/2021 21:24;127.9;0.31;39.0;Iluminacao
04/11/2021 21:24;0.0;0.0;0.0;Motor
04/11/2021 21:24;127.2;2.07;147.0;Geladeira
04/11/2021 21:24;127.9;0.31;39.0;Iluminacao
04/11/2021 21:24;0.0;0.0;0.0;Motor
04/11/2021 21:24;127.2;2.07;147.0;Geladeira
04/11/2021 21:24;127.9;0.31;39.0;Iluminacao
04/11/2021 21:24;0.0;0.0;0.0;Motor
04/11/2021 21:24;127.2;2.07;147.0;Geladeira
04/11/2021 21:24;127.9;0.31;39.0;Iluminacao
04/11/2021 21:24;0.0;0.0;0.0;Motor
04/11/2021 21:24;127.2;2.07;147.0;Geladeira
04/11/2021 21:24;127.8;0.31;39.0;Iluminacao
04/11/2021 21:24;0.0;0.0;0.0;Motor
04/11/2021 21:24;127.2;2.07;147.0;Geladeira
04/11/2021 21:24;128.0;0.31;39.0;Iluminacao
04/11/2021 21:24;0.0;0.0;0.0;Motor
04/11/2021 21:24;127.2;2.07;147.0;Geladeira
04/11/2021 21:24;128.0;0.31;39.1;Iluminacao
04/11/2021 21:24;0.0;0.0;0.0;Motor
04/11/2021 21:24;127.2;2.07;147.0;Geladeira
04/11/2021 21:24;128.0;0.31;39.1;Iluminacao
04/11/2021 21:24;0.0;0.0;0.0;Motor
04/11/2021 21:24;127.2;2.07;147.0;Geladeira
04/11/2021 21:24;127.8;0.31;39.0;Iluminacao
04/11/2021 21:24;0.0;0.0;0.0;Motor
04/11/2021 21:24;127.2;2.07;147.0;Geladeira
04/11/2021 21:24;127.9;0.31;39.0;Iluminacao
04/11/2021 21:24;0.0;0.0;0.0;Motor
04/11/2021 21:24;127.2;2.07;147.0;Geladeira
04/11/2021 21:24;127.8;0.31;39.0;Iluminacao
04/11/2021 21:24;0.0;0.0;0.0;Motor
04/11/2021 21:24;127.2;2.07;147.0;Geladeira
04/11/2021 21:24;127.9;0.31;39.0;Iluminacao
04/11/2021 21:24;0.0;0.0;0.0;Motor
04/11/2021 21:24;127.2;2.07;147.0;Geladeira
04/11/2021 21:24;127.8;0.31;39.0;Iluminacao
04/11/2021 21:24;0.0;0.0;0.0;Motor
04/11/2021 21:24;127.2;2.07;147.0;Geladeira
04/11/2021 21:24;127.9;0.31;39.0;Iluminacao
04/11/2021 21:24;0.0;0.0;0.0;Motor
04/11/2021 21:24;127.2;2.07;147.0;Geladeira
04/11/2021 21:24;128.0;0.31;39.1;Iluminacao
04/11/2021 21:24;0.0;0.0;0.0;Motor
04/11/2021 21:24;127.2;2.07;147.0;Geladeira
04/11/2021 21:24;128.1;0.31;39.1;Iluminacao
04/11/2021 21:24;0.0;0.0;0.0;Motor
04/11/2021 21:24;127.2;2.07;147.0;Geladeira
04/11/2021 21:24;127.9;0.31;39.0;Iluminacao
04/11/2021 21:24;0.0;0.0;0.0;Motor
04/11/2021 21:24;127.2;2.07;147.0;Geladeira
04/11/2021 21:24;127.9;0.31;39.0;Iluminacao
04/11/2021 21:24;0.0;0.0;0.0;Motor
04/11/2021 21:24;127.2;2.07;147.0;Geladeira
04/11/2021 21:24;127.8;0.31;39.0;Iluminacao
04/11/2021 21:24;0.0;0.0;0.0;Motor
04/11/2021 21:24;127.2;2.07;147.0;Geladeira
04/11/2021 21:24;127.8;0.31;39.0;Iluminacao
04/11/2021 21:24;0.0;0.0;0.0;Motor
04/11/2021 21:25;127.2;2.07;147.0;Geladeira
04/11/2021 21:25;0.0;0.0;0.0;Iluminacao
04/11/2021 21:25;0.0;0.0;0.0;Motor
04/11/2021 21:25;127.2;2.07;147.0;Geladeira
04/11/2021 21:25;0.0;0.0;0.0;Iluminacao
04/11/2021 21:25;127.6;0.51;65.2;Motor
04/11/2021 21:25;127.2;2.07;147.0;Geladeira
04/11/2021 21:25;0.0;0.0;0.0;Iluminacao
04/11/2021 21:25;0.0;0.0;0.0;Motor
04/11/2021 21:25;127.2;2.07;147.0;Geladeira
04/11/2021 21:25;0.0;0.0;0.0;Iluminacao
04/11/2021 21:25;0.0;0.0;0.0;Motor
04/11/2021 21:25;127.2;2.07;147.0;Geladeira
04/11/2021 21:25;0.0;0.0;0.0;Iluminacao
04/11/2021 21:25;0.0;0.0;0.0;Motor
04/11/2021 21:25;127.2;2.07;147.0;Geladeira
04/11/2021 21:25;0.0;0.0;0.0;Iluminacao
04/11/2021 21:25;0.0;0.0;0.0;Motor
04/11/2021 21:25;127.2;2.07;147.0;Geladeira
04/11/2021 21:25;0.0;0.0;0.0;Iluminacao
04/11/2021 21:25;0.0;0.0;0.0;Motor
04/11/2021 21:26;127.2;2.07;147.0;Geladeira
04/11/2021 21:26;0.0;0.0;0.0;Iluminacao
04/11/2021 21:26;0.0;0.0;0.0;Motor
04/11/2021 21:26;127.2;2.07;147.0;Geladeira
04/11/2021 21:26;0.0;0.0;0.0;Iluminacao
04/11/2021 21:26;0.0;0.0;0.0;Motor
04/11/2021 21:26;127.2;2.07;147.0;Geladeira
04/11/2021 21:26;0.0;0.0;0.0;Iluminacao
04/11/2021 21:26;0.0;0.0;0.0;Motor
04/11/2021 21:26;127.2;2.07;147.0;Geladeira
04/11/2021 21:26;0.0;0.0;0.0;Iluminacao
04/11/2021 21:26;0.0;0.0;0.0;Motor
04/11/2021 21:26;127.2;2.07;147.0;Geladeira
04/11/2021 21:26;0.0;0.0;0.0;Iluminacao
04/11/2021 21:26;0.0;0.0;0.0;Motor
04/11/2021 21:26;127.2;2.07;147.0;Geladeira
04/11/2021 21:26;0.0;0.0;0.0;Iluminacao
04/11/2021 21:26;0.0;0.0;0.0;Motor
04/11/2021 21:27;127.2;2.07;147.0;Geladeira
04/11/2021 21:27;0.0;0.0;0.0;Iluminacao
04/11/2021 21:27;0.0;0.0;0.0;Motor
04/11/2021 21:27;127.2;2.07;147.0;Geladeira
04/11/2021 21:27;0.0;0.0;0.0;Iluminacao
04/11/2021 21:27;0.0;0.0;0.0;Motor
04/11/2021 21:27;127.2;2.07;147.0;Geladeira
04/11/2021 21:27;0.0;0.0;0.0;Iluminacao
04/11/2021 21:27;0.0;0.0;0.0;Motor
04/11/2021 21:27;127.2;2.07;147.0;Geladeira
04/11/2021 21:27;0.0;0.0;0.0;Iluminacao
04/11/2021 21:27;0.0;0.0;0.0;Motor
04/11/2021 21:27;127.2;2.07;147.0;Geladeira
04/11/2021 21:27;0.0;0.0;0.0;Iluminacao
04/11/2021 21:27;0.0;0.0;0.0;Motor
04/11/2021 21:27;127.2;2.07;147.0;Geladeira
04/11/2021 21:27;0.0;0.0;0.0;Iluminacao
04/11/2021 21:27;0.0;0.0;0.0;Motor
04/11/2021 21:27;127.2;2.07;147.0;Geladeira
04/11/2021 21:27;0.0;0.0;0.0;Iluminacao
04/11/2021 21:27;128.1;0.51;65.5;Motor
04/11/2021 21:27;127.2;2.07;147.0;Geladeira
04/11/2021 21:27;0.0;0.0;0.0;Iluminacao
04/11/2021 21:27;128.1;0.51;65.5;Motor
04/11/2021 21:27;127.2;2.07;147.0;Geladeira
04/11/2021 21:27;0.0;0.0;0.0;Iluminacao
04/11/2021 21:27;0.0;0.0;0.0;Motor
04/11/2021 21:28;127.2;2.07;147.0;Geladeira
04/11/2021 21:28;0.0;0.0;0.0;Iluminacao
04/11/2021 21:28;0.0;0.0;0.0;Motor
04/11/2021 21:28;127.2;2.07;147.0;Geladeira
04/11/2021 21:28;0.0;0.0;0.0;Iluminacao
04/11/2021 21:28;0.0;0.0;0.0;Motor
04/11/2021 21:28;127.2;2.07;147.0;Geladeira
04/11/2021 21:28;0.0;0.0;0.0;Iluminacao
04/11/2021 21:28;0.0;0.0;0.0;Motor
04/11/2021 21:28;127.2;2.07;147.0;Geladeira
04/11/2021 21:28;0.0;0.0;0.0;Iluminacao
04/11/2021 21:28;0.0;0.0;0.0;Motor
04/11/2021 21:28;127.2;2.07;147.0;Geladeira
04/11/2021 21:28;0.0;0.0;0.0;Iluminacao
04/11/2021 21:28;128.1;0.51;65.6;Motor
04/11/2021 21:28;127.2;2.07;147.0;Geladeira
04/11/2021 21:28;0.0;0.0;0.0;Iluminacao
04/11/2021 21:28;128.2;0.51;65.6;Motor
04/11/2021 21:28;127.2;2.07;147.0;Geladeira
04/11/2021 21:28;0.0;0.0;0.0;Iluminacao
04/11/2021 21:28;0.0;0.0;0.0;Motor
04/11/2021 21:29;127.2;2.07;147.0;Geladeira
04/11/2021 21:29;0.0;0.0;0.0;Iluminacao
04/11/2021 21:29;0.0;0.0;0.0;Motor
04/11/2021 21:29;127.2;2.07;147.0;Geladeira
04/11/2021 21:29;0.0;0.0;0.0;Iluminacao
04/11/2021 21:29;0.0;0.0;0.0;Motor
04/11/2021 21:29;127.2;2.07;147.0;Geladeira
04/11/2021 21:29;0.0;0.0;0.0;Iluminacao
04/11/2021 21:29;0.0;0.0;0.0;Motor
04/11/2021 21:29;127.2;2.07;147.0;Geladeira
04/11/2021 21:29;0.0;0.0;0.0;Iluminacao
04/11/2021 21:29;0.0;0.0;0.0;Motor
04/11/2021 21:29;127.2;2.07;147.0;Geladeira
04/11/2021 21:29;0.0;0.0;0.0;Iluminacao
04/11/2021 21:29;0.0;0.0;0.0;Motor
04/11/2021 21:29;127.2;2.07;147.0;Geladeira
04/11/2021 21:29;0.0;0.0;0.0;Iluminacao
04/11/2021 21:29;0.0;0.0;0.0;Motor
04/11/2021 21:29;127.2;2.07;147.0;Geladeira
04/11/2021 21:29;0.0;0.0;0.0;Iluminacao
04/11/2021 21:29;0.0;0.0;0.0;Motor
04/11/2021 21:30;127.2;2.07;147.0;Geladeira
04/11/2021 21:30;0.0;0.0;0.0;Iluminacao
04/11/2021 21:30;0.0;0.0;0.0;Motor
04/11/2021 21:30;127.2;2.07;147.0;Geladeira
04/11/2021 21:30;0.0;0.0;0.0;Iluminacao
04/11/2021 21:30;0.0;0.0;0.0;Motor
04/11/2021 21:30;127.2;2.07;147.0;Geladeira
04/11/2021 21:30;0.0;0.0;0.0;Iluminacao
04/11/2021 21:30;0.0;0.0;0.0;Motor
04/11/2021 21:30;127.2;2.07;147.0;Geladeira
04/11/2021 21:30;0.0;0.0;0.0;Iluminacao
04/11/2021 21:30;0.0;0.0;0.0;Motor
04/11/2021 21:30;127.2;2.07;147.0;Geladeira
04/11/2021 21:30;0.0;0.0;0.0;Iluminacao
04/11/2021 21:30;0.0;0.0;0.0;Motor
04/11/2021 21:30;127.2;2.07;147.0;Geladeira
04/11/2021 21:30;0.0;0.0;0.0;Iluminacao
04/11/2021 21:30;0.0;0.0;0.0;Motor
04/11/2021 21:30;127.2;2.07;147.0;Geladeira
04/11/2021 21:30;0.0;0.0;0.0;Iluminacao
04/11/2021 21:30;0.0;0.0;0.0;Motor
04/11/2021 21:31;127.2;2.07;147.0;Geladeira
04/11/2021 21:31;0.0;0.0;0.0;Iluminacao
04/11/2021 21:31;0.0;0.0;0.0;Motor
04/11/2021 21:31;127.2;2.07;147.0;Geladeira
04/11/2021 21:31;0.0;0.0;0.0;Iluminacao
04/11/2021 21:31;0.0;0.0;0.0;Motor
04/11/2021 21:31;127.2;2.07;147.0;Geladeira
04/11/2021 21:31;0.0;0.0;0.0;Iluminacao
04/11/2021 21:31;0.0;0.0;0.0;Motor
04/11/2021 21:31;127.2;2.07;147.0;Geladeira
04/11/2021 21:31;0.0;0.0;0.0;Iluminacao
04/11/2021 21:31;0.0;0.0;0.0;Motor
04/11/2021 21:31;127.2;2.07;147.0;Geladeira
04/11/2021 21:31;0.0;0.0;0.0;Iluminacao
04/11/2021 21:31;0.0;0.0;0.0;Motor
04/11/2021 21:31;127.2;2.07;147.0;Geladeira
04/11/2021 21:31;0.0;0.0;0.0;Iluminacao
04/11/2021 21:31;0.0;0.0;0.0;Motor
04/11/2021 21:32;127.2;2.07;147.0;Geladeira
04/11/2021 21:32;0.0;0.0;0.0;Iluminacao
04/11/2021 21:32;0.0;0.0;0.0;Motor
04/11/2021 21:32;127.2;2.07;147.0;Geladeira
04/11/2021 21:32;0.0;0.0;0.0;Iluminacao
04/11/2021 21:32;128.2;0.51;65.6;Motor
04/11/2021 21:32;127.2;2.07;147.0;Geladeira
04/11/2021 21:32;0.0;0.0;0.0;Iluminacao
04/11/2021 21:32;0.0;0.0;0.0;Motor
04/11/2021 21:32;127.2;2.07;147.0;Geladeira
04/11/2021 21:32;0.0;0.0;0.0;Iluminacao
04/11/2021 21:32;0.0;0.0;0.0;Motor
04/11/2021 21:32;127.2;2.07;147.0;Geladeira
04/11/2021 21:32;0.0;0.0;0.0;Iluminacao
04/11/2021 21:32;0.0;0.0;0.0;Motor
04/11/2021 21:32;127.2;2.07;147.0;Geladeira
04/11/2021 21:32;0.0;0.0;0.0;Iluminacao
04/11/2021 21:32;0.0;0.0;0.0;Motor
04/11/2021 21:32;127.2;2.07;147.0;Geladeira
04/11/2021 21:32;0.0;0.0;0.0;Iluminacao
04/11/2021 21:32;0.0;0.0;0.0;Motor
04/11/2021 21:32;127.2;2.07;147.0;Geladeira
04/11/2021 21:32;0.0;0.0;0.0;Iluminacao
04/11/2021 21:32;0.0;0.0;0.0;Motor
04/11/2021 21:33;127.2;2.07;147.0;Geladeira
04/11/2021 21:33;0.0;0.0;0.0;Iluminacao
04/11/2021 21:33;128.7;0.51;65.9;Motor
04/11/2021 21:33;127.2;2.07;147.0;Geladeira
04/11/2021 21:33;0.0;0.0;0.0;Iluminacao
04/11/2021 21:33;128.6;0.51;65.9;Motor
04/11/2021 21:33;127.2;2.07;147.0;Geladeira
04/11/2021 21:33;0.0;0.0;0.0;Iluminacao
04/11/2021 21:33;0.0;0.0;0.0;Motor
04/11/2021 21:33;127.2;2.07;147.0;Geladeira
04/11/2021 21:33;0.0;0.0;0.0;Iluminacao
04/11/2021 21:33;0.0;0.0;0.0;Motor
04/11/2021 21:33;127.2;2.07;147.0;Geladeira
04/11/2021 21:33;0.0;0.0;0.0;Iluminacao
04/11/2021 21:33;0.0;0.0;0.0;Motor
04/11/2021 21:33;127.2;2.07;147.0;Geladeira
04/11/2021 21:33;128.9;0.31;39.4;Iluminacao
04/11/2021 21:33;0.0;0.0;0.0;Motor
04/11/2021 21:33;127.2;2.07;147.0;Geladeira
04/11/2021 21:33;128.7;0.31;39.3;Iluminacao
04/11/2021 21:33;128.5;0.51;65.8;Motor
04/11/2021 21:33;127.2;2.07;147.0;Geladeira
04/11/2021 21:33;128.8;0.31;39.3;Iluminacao
04/11/2021 21:33;0.0;0.0;0.0;Motor
04/11/2021 21:33;127.2;2.07;147.0;Geladeira
04/11/2021 21:33;128.9;0.31;39.4;Iluminacao
04/11/2021 21:33;0.0;0.0;0.0;Motor
04/11/2021 21:33;127.2;2.07;147.0;Geladeira
04/11/2021 21:33;128.9;0.31;39.4;Iluminacao
04/11/2021 21:33;0.0;0.0;0.0;Motor
04/11/2021 21:33;127.2;2.07;147.0;Geladeira
04/11/2021 21:33;128.9;0.31;39.4;Iluminacao
04/11/2021 21:33;0.0;0.0;0.0;Motor
04/11/2021 21:33;127.2;2.07;147.0;Geladeira
04/11/2021 21:33;128.9;0.31;39.4;Iluminacao
04/11/2021 21:33;0.0;0.0;0.0;Motor
04/11/2021 21:34;127.2;2.07;147.0;Geladeira
04/11/2021 21:34;128.9;0.31;39.4;Iluminacao
04/11/2021 21:34;0.0;0.0;0.0;Motor
04/11/2021 21:34;127.2;2.07;147.0;Geladeira
04/11/2021 21:34;128.9;0.31;39.4;Iluminacao
04/11/2021 21:34;0.0;0.0;0.0;Motor
04/11/2021 21:34;127.2;2.07;147.0;Geladeira
04/11/2021 21:34;128.9;0.31;39.4;Iluminacao
04/11/2021 21:34;0.0;0.0;0.0;Motor
04/11/2021 21:34;127.2;2.07;147.0;Geladeira
04/11/2021 21:34;128.9;0.31;39.4;Iluminacao
04/11/2021 21:34;0.0;0.0;0.0;Motor
04/11/2021 21:34;127.2;2.07;147.0;Geladeira
04/11/2021 21:34;128.8;0.31;39.4;Iluminacao
04/11/2021 21:34;0.0;0.0;0.0;Motor
04/11/2021 21:34;127.2;2.07;147.0;Geladeira
04/11/2021 21:34;128.9;0.31;39.4;Iluminacao
04/11/2021 21:34;0.0;0.0;0.0;Motor
04/11/2021 21:34;127.2;2.07;147.0;Geladeira
04/11/2021 21:34;128.9;0.31;39.5;Iluminacao
04/11/2021 21:34;0.0;0.0;0.0;Motor
04/11/2021 21:34;127.2;2.07;147.0;Geladeira
04/11/2021 21:34;129.0;0.31;39.5;Iluminacao
04/11/2021 21:34;0.0;0.0;0.0;Motor
04/11/2021 21:34;127.2;2.07;147.0;Geladeira
04/11/2021 21:34;129.1;0.31;39.5;Iluminacao
04/11/2021 21:34;0.0;0.0;0.0;Motor
04/11/2021 21:34;127.2;2.07;147.0;Geladeira
04/11/2021 21:34;129.0;0.31;39.5;Iluminacao
04/11/2021 21:34;0.0;0.0;0.0;Motor
04/11/2021 21:34;127.2;2.07;147.0;Geladeira
04/11/2021 21:34;128.9;0.31;39.5;Iluminacao
04/11/2021 21:34;0.0;0.0;0.0;Motor
04/11/2021 21:34;127.2;2.07;147.0;Geladeira
04/11/2021 21:34;128.9;0.31;39.5;Iluminacao
04/11/2021 21:34;0.0;0.0;0.0;Motor
04/11/2021 21:34;127.2;2.07;147.0;Geladeira
04/11/2021 21:34;129.0;0.31;39.5;Iluminacao
04/11/2021 21:34;0.0;0.0;0.0;Motor
04/11/2021 21:34;127.2;2.07;147.0;Geladeira
04/11/2021 21:34;0.0;0.0;0.0;Iluminacao
04/11/2021 21:34;0.0;0.0;0.0;Motor
04/11/2021 21:34;127.2;2.07;147.0;Geladeira
04/11/2021 21:34;0.0;0.0;0.0;Iluminacao
04/11/2021 21:34;0.0;0.0;0.0;Motor
04/11/2021 21:35;127.2;2.07;147.0;Geladeira
04/11/2021 21:35;0.0;0.0;0.0;Iluminacao
04/11/2021 21:35;0.0;0.0;0.0;Motor
04/11/2021 21:35;127.2;2.07;147.0;Geladeira
04/11/2021 21:35;0.0;0.0;0.0;Iluminacao
04/11/2021 21:35;0.0;0.0;0.0;Motor
04/11/2021 21:35;127.2;2.07;147.0;Geladeira
04/11/2021 21:35;0.0;0.0;0.0;Iluminacao
04/11/2021 21:35;0.0;0.0;0.0;Motor
04/11/2021 21:35;127.2;2.07;147.0;Geladeira
04/11/2021 21:35;0.0;0.0;0.0;Iluminacao
04/11/2021 21:35;0.0;0.0;0.0;Motor
04/11/2021 21:35;127.2;2.07;147.0;Geladeira
04/11/2021 21:35;0.0;0.0;0.0;Iluminacao
04/11/2021 21:35;0.0;0.0;0.0;Motor
04/11/2021 21:35;127.2;2.07;147.0;Geladeira
04/11/2021 21:35;0.0;0.0;0.0;Iluminacao
04/11/2021 21:35;0.0;0.0;0.0;Motor
04/11/2021 21:36;127.2;2.07;147.0;Geladeira
04/11/2021 21:36;0.0;0.0;0.0;Iluminacao
04/11/2021 21:36;0.0;0.0;0.0;Motor
04/11/2021 21:36;127.2;2.07;147.0;Geladeira
04/11/2021 21:36;0.0;0.0;0.0;Iluminacao
04/11/2021 21:36;0.0;0.0;0.0;Motor
04/11/2021 21:36;127.2;2.07;147.0;Geladeira
04/11/2021 21:36;0.0;0.0;0.0;Iluminacao
04/11/2021 21:36;0.0;0.0;0.0;Motor
04/11/2021 21:36;127.2;2.07;147.0;Geladeira
04/11/2021 21:36;0.0;0.0;0.0;Iluminacao
04/11/2021 21:36;0.0;0.0;0.0;Motor
04/11/2021 21:36;127.2;2.07;147.0;Geladeira
04/11/2021 21:36;0.0;0.0;0.0;Iluminacao
04/11/2021 21:36;0.0;0.0;0.0;Motor
04/11/2021 21:36;127.2;2.07;147.0;Geladeira
04/11/2021 21:36;0.0;0.0;0.0;Iluminacao
04/11/2021 21:36;0.0;0.0;0.0;Motor
04/11/2021 21:37;127.2;2.07;147.0;Geladeira
04/11/2021 21:37;0.0;0.0;0.0;Iluminacao
04/11/2021 21:37;0.0;0.0;0.0;Motor
04/11/2021 21:37;127.2;2.07;147.0;Geladeira
04/11/2021 21:37;0.0;0.0;0.0;Iluminacao
04/11/2021 21:37;0.0;0.0;0.0;Motor
04/11/2021 21:37;127.2;2.07;147.0;Geladeira
04/11/2021 21:37;0.0;0.0;0.0;Iluminacao
04/11/2021 21:37;0.0;0.0;0.0;Motor
04/11/2021 21:37;127.2;2.07;147.0;Geladeira
04/11/2021 21:37;0.0;0.0;0.0;Iluminacao
04/11/2021 21:37;0.0;0.0;0.0;Motor
04/11/2021 21:37;127.2;2.07;147.0;Geladeira
04/11/2021 21:37;0.0;0.0;0.0;Iluminacao
04/11/2021 21:37;0.0;0.0;0.0;Motor
04/11/2021 21:37;127.2;2.07;147.0;Geladeira
04/11/2021 21:37;0.0;0.0;0.0;Iluminacao
04/11/2021 21:37;129.2;0.51;66.4;Motor
04/11/2021 21:38;127.2;2.07;147.0;Geladeira
04/11/2021 21:38;129.5;0.31;39.7;Iluminacao
04/11/2021 21:38;0.0;0.0;0.0;Motor
04/11/2021 21:38;127.2;2.07;147.0;Geladeira
04/11/2021 21:38;129.7;0.31;39.8;Iluminacao
04/11/2021 21:38;0.0;0.0;0.0;Motor
04/11/2021 21:38;127.2;2.07;147.0;Geladeira
04/11/2021 21:38;129.8;0.31;39.8;Iluminacao
04/11/2021 21:38;0.0;0.0;0.0;Motor
04/11/2021 21:38;127.2;2.07;147.0;Geladeira
04/11/2021 21:38;129.8;0.31;39.8;Iluminacao
04/11/2021 21:38;0.0;0.0;0.0;Motor
04/11/2021 21:38;127.2;2.07;147.0;Geladeira
04/11/2021 21:38;0.0;0.0;0.0;Iluminacao
04/11/2021 21:38;0.0;0.0;0.0;Motor
04/11/2021 21:38;127.2;2.07;147.0;Geladeira
04/11/2021 21:38;0.0;0.0;0.0;Iluminacao
04/11/2021 21:38;0.0;0.0;0.0;Motor
04/11/2021 21:38;127.2;2.07;147.0;Geladeira
04/11/2021 21:38;0.0;0.0;0.0;Iluminacao
04/11/2021 21:38;0.0;0.0;0.0;Motor
04/11/2021 21:38;127.2;2.07;147.0;Geladeira
04/11/2021 21:38;0.0;0.0;0.0;Iluminacao
04/11/2021 21:38;0.0;0.0;0.0;Motor
04/11/2021 21:39;127.2;2.07;147.0;Geladeira
04/11/2021 21:39;0.0;0.0;0.0;Iluminacao
04/11/2021 21:39;0.0;0.0;0.0;Motor
04/11/2021 21:39;127.2;2.07;147.0;Geladeira
04/11/2021 21:39;0.0;0.0;0.0;Iluminacao
04/11/2021 21:39;0.0;0.0;0.0;Motor
04/11/2021 21:39;127.2;2.07;147.0;Geladeira
04/11/2021 21:39;0.0;0.0;0.0;Iluminacao
04/11/2021 21:39;0.0;0.0;0.0;Motor
04/11/2021 21:39;127.2;2.07;147.0;Geladeira
04/11/2021 21:39;0.0;0.0;0.0;Iluminacao
04/11/2021 21:39;0.0;0.0;0.0;Motor
04/11/2021 21:39;127.2;2.07;147.0;Geladeira
04/11/2021 21:39;0.0;0.0;0.0;Iluminacao
04/11/2021 21:39;0.0;0.0;0.0;Motor
04/11/2021 21:39;127.2;2.07;147.0;Geladeira
04/11/2021 21:39;0.0;0.0;0.0;Iluminacao
04/11/2021 21:39;0.0;0.0;0.0;Motor
04/11/2021 21:39;127.2;2.07;147.0;Geladeira
04/11/2021 21:39;0.0;0.0;0.0;Iluminacao
04/11/2021 21:39;0.0;0.0;0.0;Motor
04/11/2021 21:40;127.2;2.07;147.0;Geladeira
04/11/2021 21:40;0.0;0.0;0.0;Iluminacao
04/11/2021 21:40;0.0;0.0;0.0;Motor
04/11/2021 21:40;127.2;2.07;147.0;Geladeira
04/11/2021 21:40;0.0;0.0;0.0;Iluminacao
04/11/2021 21:40;0.0;0.0;0.0;Motor
04/11/2021 21:40;127.2;2.07;147.0;Geladeira
04/11/2021 21:40;0.0;0.0;0.0;Iluminacao
04/11/2021 21:40;0.0;0.0;0.0;Motor
04/11/2021 21:40;127.2;2.07;147.0;Geladeira
04/11/2021 21:40;128.3;0.31;39.1;Iluminacao
04/11/2021 21:40;0.0;0.0;0.0;Motor
04/11/2021 21:40;127.2;2.07;147.0;Geladeira
04/11/2021 21:40;128.0;0.31;39.0;Iluminacao
04/11/2021 21:40;127.9;0.51;65.4;Motor
04/11/2021 21:40;127.2;2.07;147.0;Geladeira
04/11/2021 21:40;128.0;0.31;38.9;Iluminacao
04/11/2021 21:40;0.0;0.0;0.0;Motor
04/11/2021 21:40;127.2;2.07;147.0;Geladeira
04/11/2021 21:40;128.1;0.31;39.0;Iluminacao
04/11/2021 21:40;0.0;0.0;0.0;Motor
04/11/2021 21:40;127.2;2.07;147.0;Geladeira
04/11/2021 21:40;128.0;0.31;39.0;Iluminacao
04/11/2021 21:40;0.0;0.0;0.0;Motor
04/11/2021 21:40;127.2;2.07;147.0;Geladeira
04/11/2021 21:40;128.0;0.31;38.9;Iluminacao
04/11/2021 21:40;0.0;0.0;0.0;Motor
04/11/2021 21:40;127.2;2.07;147.0;Geladeira
04/11/2021 21:40;127.8;0.31;38.9;Iluminacao
04/11/2021 21:40;0.0;0.0;0.0;Motor
04/11/2021 21:40;127.2;2.07;147.0;Geladeira
04/11/2021 21:40;0.0;0.0;0.0;Iluminacao
04/11/2021 21:40;0.0;0.0;0.0;Motor
04/11/2021 21:40;127.2;2.07;147.0;Geladeira
04/11/2021 21:40;0.0;0.0;0.0;Iluminacao
04/11/2021 21:40;0.0;0.0;0.0;Motor
04/11/2021 21:41;127.2;2.07;147.0;Geladeira
04/11/2021 21:41;0.0;0.0;0.0;Iluminacao
04/11/2021 21:41;0.0;0.0;0.0;Motor
04/11/2021 21:41;127.2;2.07;147.0;Geladeira
04/11/2021 21:41;0.0;0.0;0.0;Iluminacao
04/11/2021 21:41;0.0;0.0;0.0;Motor
04/11/2021 21:41;127.2;2.07;147.0;Geladeira
04/11/2021 21:41;0.0;0.0;0.0;Iluminacao
04/11/2021 21:41;0.0;0.0;0.0;Motor
04/11/2021 21:41;127.2;2.07;147.0;Geladeira
04/11/2021 21:41;0.0;0.0;0.0;Iluminacao
04/11/2021 21:41;0.0;0.0;0.0;Motor
04/11/2021 21:41;127.2;2.07;147.0;Geladeira
04/11/2021 21:41;0.0;0.0;0.0;Iluminacao
04/11/2021 21:41;0.0;0.0;0.0;Motor
04/11/2021 21:41;127.2;2.07;147.0;Geladeira
04/11/2021 21:41;0.0;0.0;0.0;Iluminacao
04/11/2021 21:41;0.0;0.0;0.0;Motor
04/11/2021 21:41;127.2;2.07;147.0;Geladeira
04/11/2021 21:41;0.0;0.0;0.0;Iluminacao
04/11/2021 21:41;0.0;0.0;0.0;Motor
04/11/2021 21:42;127.2;2.07;147.0;Geladeira
04/11/2021 21:42;0.0;0.0;0.0;Iluminacao
04/11/2021 21:42;0.0;0.0;0.0;Motor
04/11/2021 21:44;127.2;2.07;147.0;Geladeira
04/11/2021 21:44;0.0;0.0;0.0;Iluminacao
04/11/2021 21:44;0.0;0.0;0.0;Motor
04/11/2021 21:45;127.2;2.07;147.0;Geladeira
04/11/2021 21:45;0.0;0.0;0.0;Iluminacao
04/11/2021 21:45;0.0;0.0;0.0;Motor
04/11/2021 21:45;127.2;2.07;147.0;Geladeira
04/11/2021 21:45;0.0;0.0;0.0;Iluminacao
04/11/2021 21:45;0.0;0.0;0.0;Motor
04/11/2021 21:45;127.2;2.07;147.0;Geladeira
04/11/2021 21:45;0.0;0.0;0.0;Iluminacao
04/11/2021 21:45;0.0;0.0;0.0;Motor
04/11/2021 21:45;127.2;2.07;147.0;Geladeira
04/11/2021 21:45;0.0;0.0;0.0;Iluminacao
04/11/2021 21:45;0.0;0.0;0.0;Motor
04/11/2021 21:45;127.2;2.07;147.0;Geladeira
04/11/2021 21:45;0.0;0.0;0.0;Iluminacao
04/11/2021 21:45;0.0;0.0;0.0;Motor
04/11/2021 21:45;127.2;2.07;147.0;Geladeira
04/11/2021 21:45;0.0;0.0;0.0;Iluminacao
04/11/2021 21:45;0.0;0.0;0.0;Motor
04/11/2021 21:45;127.2;2.07;147.0;Geladeira
04/11/2021 21:45;0.0;0.0;0.0;Iluminacao
04/11/2021 21:45;0.0;0.0;0.0;Motor
04/11/2021 21:46;127.2;2.07;147.0;Geladeira
04/11/2021 21:46;0.0;0.0;0.0;Iluminacao
04/11/2021 21:46;0.0;0.0;0.0;Motor
04/11/2021 21:46;127.2;2.07;147.0;Geladeira
04/11/2021 21:46;0.0;0.0;0.0;Iluminacao
04/11/2021 21:46;0.0;0.0;0.0;Motor
